"sample","method","estimate","se","ci_lower","ci_upper","n_obs"
"Raw aligned","DR AIPW (ATT)",0.870393749821942,0.254372737289014,0.371823184735474,1.36896431490841,820
"Raw non-restricted","DR AIPW (ATT)",0.720328969018823,0.22056518138892,0.28802121349654,1.15263672454111,1094
"Replication","DR AIPW (ATT)",0.795886047614018,0.262760347305168,0.280875766895889,1.31089632833215,824
